id,groupId,name,description,startDate,endDate,formattedLocation,countryDescription,attendeesCount,companyAttendeesCount,investorAttendeesCount,attendeeNamesConcatString,industrySectorsConcatString,industryGroupsConcatString,industryCodesConcatString
11402,10922,iC³ Life Science and Healthcare Innovation Summit 2025,"iC³ Life Science and Healthcare Innovation Summit is an event hosted for professionals focused on Medical & Pharma. The event brings together leaders, innovators, and visionaries from the life sciences and healthcare sectors to foster collaboration and drive advancements in the industry, allowing attendees to have the opportunity to engage in thought-provoking discussions, attend insightful panels, and network with key stakeholders.",2025-09-16,2025-09-17,"Dallas, Texas",United States,,,,,Healthcare,Healthcare Services,Other Healthcare Services
13527,12793,Doctoral Defense of J.C. Esteves Martins 2025,"Doctoral Defense of J.C. Esteves Martins 2025 is an event hosted for academic scholars, research supervisors, graduate students, and subject matter experts focused on evaluating and celebrating original contributions to the field of study presented by doctoral candidate J.C. Esteves Martins. The event brings together industry professionals to connect on topics of focus related to the candidate’s dissertation, allowing attendees to engage in scholarly dialogue, assess the rigor and relevance of the research, and support the advancement of academic excellence.",2025-10-08,2025-10-08,"Delft, Netherlands",Netherlands,,,,,Business Products and Services (B2B),Commercial Services,Security Services (B2B)
5042,4935,Neuroscience of the Everyday World Conference 2025,"Neuroscience of the Everyday World Conference 2025 is an event hosted for cognitive scientists, neuroscientists, and applied technology researchers. The event brings together industry professionals to connect on real-world applications of neuroscience, allowing attendees to explore how tools like fNIRS and EEG can be used to study cognition in naturalistic settings and advance understanding of brain function in everyday environments.",2025-07-28,2025-07-29,"Boston, Massachusetts",United States,8,8,,"ANT Neuro, Artinis Medical Systems, Edmund Optics, Gowerlabs, Kernel (Monitoring Equipment), NIRx Medical Technologies, OptiTrack, iMotions",Healthcare,Healthcare Services,Other Healthcare Services
11408,10928,P3 Fall Conference 2025,"P3 2025 Fall Conference is an event hosted for financial services professionals using Fiserv Premier software. The event brings together banks and data center leaders to connect on best practices and software utilization, allowing attendees to exchange ideas, techniques, and insights for optimizing Premier product deployment.",2025-09-16,2025-09-18,"Omaha, Nebraska",United States,,,,,Financial Services,Other Financial Services,Other Financial Services
5044,4937,The Modesto Home Improvement Show 2025,"The Modesto Home Improvement Show is an event hosted for homeowners and individuals focused on home improvement. The event brings together home furnishing industry professionals to connect on the newest product of kitchens, bathrooms, windows, doors, roofing, HVAC, solar, pools, spas, outdoor kitchens, and more, allowing attendees to get ideas, ask questions, and find show specials from local experts to upgrade home furnishing decisions.",2025-09-19,2025-09-21,"Modesto, California",United States,,,,,"Business Products and Services (B2B), Consumer Products and Services (B2C)","Commercial Services, Consumer Durables","Home Furnishings, Other Commercial Services"
9294,8983,Annual iMIS Users Conference 2025,"Annual iMIS Users Conference 2025 is an event hosted for professionals who use or support the iMIS engagement management system. The event brings together association leaders, nonprofit professionals, consultants, and solution providers to connect on iMIS best practices, product innovations, and real-world implementation strategies, allowing attendees to maximize their iMIS investment, streamline operations, and strengthen their organizations through hands-on training, peer networking, and expert-led sessions.",2025-10-27,2025-10-29,"Nashville, Tennessee",United States,18,18,1,"Advanced Solutions International, Armstrong Enterprise Communications, Association Technologies, Bursting Silver, Clowder (Alexandria), Computer System Innovations, Get Efficient, Heuristics, Higher Logic, Insight Guide, Intuitive Business Concepts, Isg Solutions, Lane Services, OpenWater (Business/Productivity Software), PropFuel, RSM US, VideoRequest, WBT Systems, mosaic apps",Information Technology,Other Information Technology,Other Information Technology
2930,2869,IAHSS Annual Conference and Exhibition 2025,"IAHSS Annual Conference and Exhibition 2025 is an event hosted for healthcare security and safety professionals. The event brings together industry professionals to connect on best practices, emerging technologies, and leadership strategies in healthcare security, allowing attendees to enhance their expertise, engage in professional development, and collaborate on advancing safety standards across healthcare environments.",2025-06-02,2025-06-04,"Scottsdale, Arizona",United States,,,,,Healthcare,Healthcare Services,Other Healthcare Services
9296,8985,The MAC Conference 2025,"The MAC Conference 2025 is an event hosted for marketing professionals. The event brings together industry professionals to connect on topics related to the latest marketing tips and trends, allowing attendees to networking with industry leaders and creative minds.",2025-10-27,2025-10-29,"Fort Lauderdale, Florida",United States,32,32,1,"Adque, Atmosphere ( Entertainment Software), Banzai, BlastPoint, CU Solutions Group, CUInsight, Chartwell Agency, Consolidated Credit Solutions, Entertainment Benefits Group, Extole, FI GROW Solutions, Finalytics.Ai, Harness (Financial Software), InLighten, Infusion (Business/Productivity Software), Kane Graphical, Marquis, Mission Disrupt, NextLeft, PixelSpoke, Prisma Campaigns, Re:Group, Reseda Group, Rivel Administradora De Consorcios, Social Assurance, Sogolytics, Strum, The Element Group, Transfund, Trellance, TriAD CTV, Vertice AI, Vision Media (Media and Information Services)",Business Products and Services (B2B),Commercial Services,"Media and Information Services (B2B), Other Commercial Services"
7176,6992,Snowmobile USA Show & Sale 2025,"Snowmobile USA Show & Sale 2025 is an event hosted for professionals focused on Auto & Automotive. The event  brings together enthusiasts, manufacturers, and vendors from the auto and automotive industry to showcase the latest in snowmobile technology, accessories, and apparel allowing attendees to explore a wide variety of exhibits that cater to all levels of snowmobile riders, from beginners to seasoned professionals.",2025-11-07,2025-11-09,"Novi, Michigan",United States,25,25,1,"509, Bombardier Recreational Products (TSE: DOO), Central Motor Sports, Chartier Holdings, Cutco Cutlery Corporation, Dee's Marine, Grand Marais Chamber Of Commerce, Hygear Suspension, Insta360, John's Trailer Sales, Kewadin Casinos, Klotz Synthetic Lubricants, Leaf Home Solutions, Legend Mfg., Legendperformance, Leisure Features, MT ZION CHRISTIAN FELLOWSHIP, Matrix Basement Finishing, Powersports360, S & D Development and Prototype, SnowStuds, Tekrider, Togwotee Properties, Up North Sports, Woodys - International Engineering, gmformalInvestor_1745283644107wcc",Consumer Products and Services (B2C),Transportation,Automotive
9298,8987,Mayo Clinic Classical Hematology Conference: Non-Malignant Hematology and Bleeding and Thrombotic Disorders 2025,"Mayo Clinic Classical Hematology Conference: Non-Malignant Hematology and Bleeding and Thrombotic Disorders 2025 is an event hosted for hematologists, laboratory professionals, clinicians, and researchers specializing in blood disorders. The event brings together medical and diagnostic industry professionals to connect on nonmalignant hematology, bleeding disorders, thrombotic conditions, and vascular abnormalities, allowing attendees to explore clinical updates, diagnostic algorithms, and treatment strategies guided by Mayo Clinic faculty expertise.",2025-10-23,2025-10-25,"Scottsdale, Arizona",United States,,,,,Healthcare,Other Healthcare,Other Healthcare
7178,6994,Bus Industry Confederation National Conference 2025,"The Bus Industry Confederation National Conference 2025 is an event hosted for industry executives, senior managers, and government representatives. The event brings together industry professionals to connect on reform, safety, ZEBs and infrastructure, industrial relations, workforce, finance, and other sector issues, allowing attendees to engage with expert presentations, participate in networking and social activities, and explore the future of Australia’s bus and coach industry.",2025-10-29,2025-10-31,"Perth, Australia",Australia,,,,,Business Products and Services (B2B),Commercial Services,Logistics
7182,6998,Biogas Infotage 2026,"Biogas Info Days is an event hosted for manufacturers, operators, planners, farmers, political stakeholders, and experts from science and consulting focused on biogas production. The event brings together biogas industry professionals to connect on biogas generation, utilization, and innovation, allowing attendees to discuss challenges and opportunities within the biogas sector.",2026-01-28,2026-01-29,"Ulm, Germany",Germany,,,,,"Business Products and Services (B2B), Energy","Commercial Services, Energy Services","Other Commercial Services, Other Energy Services"
11434,10954,Annual ETA FinTech Policy Forum 2025,"Annual ETA FinTech Policy Forum 2025 is an event hosted for lawmakers and regulators. The event brings together industry professionals to connect on the rapid evolution of financial technology, allowing attendees to gain key insights from policymakers and industry leaders who are shaping the industry.",2025-09-18,2025-09-18,"Washington DC, District of Columbia",United States,6,6,,"Arnall Golden Gregory, Discover Global Network, King & Spalding, MasterCard (NYS: MA), Venable, Visa (NYS: V), Worldpay","Business Products and Services (B2B), Information Technology","Commercial Services, Other Information Technology","Other Commercial Services, Other Information Technology"
2948,2886,APHON Annual Conference and Exhibition 2025,"APHON Annual Conference and Exhibition 2025 is an event hosted for pediatric hematology/oncology nurses and healthcare professionals. The event brings together medical and nursing professionals to connect on clinical advancements, leadership development, and compassionate care strategies, allowing attendees to gain continuing education, explore innovative treatments, and build a supportive professional network,",2025-09-25,2025-09-27,"Providence, Rhode Island",United States,6,6,1,"Creative Educational Concepts, Jazz Pharmaceuticals (NAS: JAZZ), Leukemia & Lymphoma Society, Oncology Nursing Certification, Servier, Swedish Orphan Biovitrum (STO: SOBI), Y-mAbs Therapeutics",Healthcare,Healthcare Services,Other Healthcare Services
5071,4964,Southern Georgia Home Show 2025,"Southern Georgia Home Show 2025 is an event hosted for homeowners and professionals in the home repair and construction industry. The event brings together industry professionals to connect on solar power, home automation, security, remodeling, design, and more. ",2025-08-01,2025-08-03,"Perry, Georgia",United States,1,1,,Superior Sleep Experience,Consumer Products and Services (B2C),"Consumer Durables, Services (Non-Financial)","Home Furnishings, Real Estate Services (B2C)"
2953,2891,DigiMarCon Canada 2025,"Digital Marketing, Media, and Advertising Conference & Exhibition is the one digital marketing event you can't afford to miss. Whether your goal is to reinforce customer loyalty, improve lead generation, increase sales, or drive stronger consumer engagement, DigiMarCon Toronto's agenda will help attendees enhance their marketing efforts. Sessions will focus on building traffic, expanding brand awareness, improving customer service, and gaining insight into today's latest digital tools.",2025-04-16,2025-04-17,"Toronto, Canada",Canada,10,10,1,"BlitzMetrics, Digital Commerce Payments, Garyrae, Linkby (Business/Productivity Software), Nexalin Technology (NAS: NXL), QNAP Systems (ROCO: 7805), SaaS Relaunch, Search Engine People, SoftTeco, Volterra (Social Media Marketing), kaformalInvestor_1748306118368cfo","Business Products and Services (B2B), Information Technology","Commercial Services, Other Information Technology","Media and Information Services (B2B), Other Information Technology"
832,823,Global Government Forum 2025,"Global Government Forum 2025 is an event hosted for innovation demands collaboration, understanding and mutual support, addressing barriers and tensions across the system. The event brings together government leaders from across the globe responsible for the transformation and acceleration of their public sector organisations and services. The systems and structures within which they operate must support and promote intelligent risk-taking. And they need to work in partnership across professional and organisational boundaries, assembling the right skills and capabilities to rebuild services around users’ needs.",2025-03-25,2025-03-26,"London, United Kingdom",United Kingdom,,,,,Business Products and Services (B2B),Commercial Services,Other Commercial Services
2957,2895,Kentucky EMS Conference & Expo 2025,"Kentucky EMS Conference & Expo 2025 is an event hosted for emergency medical services professionals. The event brings together healthcare professionals to connect on education, innovation, and best practices in pre-hospital care, allowing attendees to enhance their skills, network with peers, and stay current with industry standards.",2025-09-16,2025-09-19,"Owensboro, Kentucky",United States,13,13,,"CASPR Technologies, First Due, Handtevy Pediatric Emergency Standards, Henry Schein (NAS: HSIC), Operative IQ, Pearson (LON: PSON), Penn Care, Public Safety Group, Pulsara, University of Louisville Hospital, VBM Medizintechnik, formalCompany_1744677864078vms, iOps360","Business Products and Services (B2B), Healthcare","Commercial Services, Healthcare Services","Education and Training Services (B2B), Other Healthcare Services"
5084,4977,Atlanta Camping & RV Show 2026,"Atlanta Camping & RV Show s an event hosted for outdoor enthusiasts and adventure seekers focused on automotive sector. The event brings together the automotive industry showcasing the latest in camping gear, recreational vehicles, and outdoor lifestyle products, event attender can explore a wide range of exhibits featuring innovative RVs, tents, and accessories, allowing attendees to gain ideas and deals on short and long-trip travel destinations.",2026-01-22,2026-01-25,"Atlanta, Georgia",United States,,,,,Consumer Products and Services (B2C),Transportation,Automotive
2964,2902,CPhI North America 2025,"CPhI North America is an annual pharmaceutical event that serves as a key platform for industry professionals in North America. The event features a comprehensive exhibition highlighting pharmaceutical products, services, and innovations. It provides a networking opportunity for companies and professionals in the pharmaceutical sector, fostering collaborations and showcasing the latest developments in the industry. CPhI North America aims to facilitate connections, knowledge sharing, and business growth within the pharmaceutical community in the North American region.",2025-05-20,2025-05-22,"Philadelphia, Pennsylvania",United States,,,,,Business Products and Services (B2B),Commercial Services,Other Commercial Services
851,842,CCR London 2025,"CCR London 2025 is an event hosted for medical professionals. The event brings together surgical and non-surgical aesthetics professionals, bringing together practitioners, brands, and innovators for two days of education, networking, and product exploration.",2025-09-25,2025-09-26,"London, United Kingdom",United Kingdom,71,71,4,"3D Aesthetics, Acre Pharmacy, Aesthetic Technology, Aesthetics Media, Asclepion Laser Technologies, BTL Industries, Bellus Holdings, Candela, Candela Medical, Celluma Light Therapy, ClearCourse Partnership, Cosmetic Courses, Cutera, Cynosure (Other Devices and Supplies), E-clinic, EMA Aesthetics, Easyfairs, Equipmed, Esse Skincare, Galderma (U.K.), GetHarley, Harley Academy, Healthxchange Pharmacy, Hifas da Terra, HydraFacial, InMode (NAS: INMD), Iraye, Klira, Komtur Pharmaceuticals, LPG Systems, LYNTON LASERS LIMITED, MAP Health (), Marllor Biomedical, Med-Fx, Medical Aesthetic Group, Mediva Pharmacy: Aesthetics, Minerva Research Labs, Needle Concept, NeoGen, Novus Medical, Nuchido, Pabau, Pharmena (WAR: PHR), Phorest, QuantifiCare, Regen Lab, Roseway Labs, Sciton, Seriderm Uk, Shire Leasing, SkinCeuticals, Skymedic, SofWave (TAE: SOFW), Solta Medical, Stratpharma, The Beauty Health Company (NAS: SKIN), Uberlube, UltraClear, Wigmore Medical, ZO Skin Health, Zenoti, ajformalInvestor_1747703313474qds, byformalInvestor_1747703296229izt, djformalInvestor_1747703302980fcs, formal1741955530807ube, formalCompany_1739755962000aig, formalCompany_1742261601105ujw, formalCompany_1747615726422urt, formalCompany_1747615735238gdh, formalCompany_1747701676447twa, formalCompany_1747703190348msp, formalCompany_1747703202753yqb, formalCompany_1747703202856mfe, formalCompany_1748307424939lhr, formalCompany_1759712350820mej, mvformalInvestor_1747703305407axp, pxformalInvestor_1742175330239qlo, qjformalInvestor_1738590842739sqa",Healthcare,Healthcare Services,Other Healthcare Services
7237,7053,Shaping A Greener Future For Endotoxin Testing 2026,"The Shaping a Greener Future for Endotoxin Testing conference 2026 is an event hosted for professionals in the biopharmaceutical industry. The event brings together quality control managers, laboratory technicians, and biopharmaceutical testing specialists to connect on sustainable practices in endotoxin testing, allowing attendees to explore eco-friendly alternatives, such as recombinant Factor C and Monocyte Activation Tests, and discuss strategies for reducing environmental impact in laboratory operations.",2026-01-29,2026-01-30,"Barcelona, Spain",Spain,,,,,Information Technology,Other Information Technology,Other Information Technology
11481,10997,Psych Congress 2025,"Psych Congress 2025 is an event hosted for psychiatrists, nurse practitioners, physician assistants, psychologists, and other mental health professionals. The event brings together leaders in psychopharmacology and mental health care to connect on topics such as evidence-based treatment approaches, emerging research, and practical clinical techniques allowing to attendees to enhance their education, gain CME/CE credits, and improve patient outcomes through hands-on, case-based sessions led by internationally renowned faculty.",2025-09-17,2025-09-21,"San Diego, California",United States,59,59,1,"ACADIA Pharmaceuticals (NAS: ACAD), AbbVie (NYS: ABBV), Acadia Healthcare (NAS: ACHC), Access TeleCare, AdvancedMD, Alkermes (NAS: ALKS), Almatica Pharma, Alpha-Stim, American Psychiatric Press, Americanprofessional, Anonymous Health, Army Medicine Civilian Corps, AssureRX Health, Avadel Pharmaceuticals (NAS: AVDL), Axsome Therapeutics (NAS: AXSM), Boehringer Ingelheim, Bristol-Myers Squibb (NYS: BMY), CNS Vital Signs, Collaborating Docs, Collegium Pharmaceutical (NAS: COLL), CommonSpirit Health, Consiliumstaffing, Corium International, Creyos, FSLV Holdings, Harmony Biosciences (NAS: HRMY), Intracellular Therapies, Jazz Pharmaceuticals (NAS: JAZZ), Johnson & Johnson (NYS: JNJ), JotPsych, LivaNova (NAS: LIVN), LocumTenens.com, Luye Pharma Group (HKG: 02186), MagVenture, Magstim, MapLight, Mertz Taggart, MindMed (Pharmaceuticals and Biotechnology) (NAS: MNMD), Neurocrine Biosciences (NAS: NBIX), Neuronetics (NAS: STIM), Neuroscience Education Institute, Noven Pharmaceuticals, Otsuka U.S., PracticeLink, PracticeMatch, Professional Risk Management Services, Rula, SAGE Therapeutics, Supernus Pharmaceuticals (NAS: SUPN), Talkiatry, Talkspace (NAS: TALK), Telecare, Tempus AI (NAS: TEM), Teva Pharmaceutical Industries (TAE: TEVA), Tris Pharma, Valant Medical Solutions, Vertical Pharmaceuticals, Vistagen Therapeutics (NAS: VTGN), formalCompany_1744593326728vwv, neurocare, xmformalInvestor_1748532366251juo",Healthcare,Healthcare Services,"Clinics/Outpatient Services, Other Healthcare Services"
873,864,Scottish Dental Show 2025,"Scottish Dental Show 2025 bringing together dentists, dental nurses, hygienists, therapists, practice managers, and technicians for two days of professional development and networking, event features educational sessions covering clinical, legal, and practice management topics, alongside a large exhibition showcasing the latest dental products and technologies. ",2025-06-20,2025-06-21,"Glasgow, United Kingdom",United Kingdom,,,,,Healthcare,Healthcare Services,"Clinics/Outpatient Services, Other Healthcare Services"
9363,9052,Cyber Security Forum Sovereign‑Grade Resilience: Operationalizing National‑Scale Cyber Preparedness in Enterprise and Infrastructure 2025,"Cyber Security Forum Sovereign‑Grade Resilience: Operationalizing National‑Scale Cyber Preparedness in Enterprise and Infrastructure 2025 is an event hosted for cybersecurity executives and IT leaders. The event brings together industry professionals to connect on sovereign-grade resilience and operationalizing national-scale cyber preparedness, allowing attendees to explore advanced strategies, share insights, and build valuable partnerships in the evolving landscape of digital security.",2025-09-09,2025-09-09,"Haarlem, Netherlands",Netherlands,3,3,,"ProcessUnity, Tesorion, Trend Micro (TKS: 4704)","Business Products and Services (B2B), Information Technology","Commercial Services, Other Information Technology","Other Information Technology, Security Services (B2B)"
13610,12870,Transformational Data Assembly 2025,"Transformational Data Assembly 2025 is an event hosted for Global Chief Data Officers and senior data executives. The event brings together industry professionals to connect on topics such as data trust, privacy, cloud value, economic resilience, democratized data technology, and self-service governance, allowing attendees to explore innovative technology solutions that are crucial for driving businesses forward.",2025-11-20,2025-11-21,"Atlanta, Georgia",United States,,,,,Information Technology,IT Services,"IT Consulting and Outsourcing, Systems and Information Management"
3001,2939,Mayo Clinic Datathon and Data Summit 2025,"Mayo Clinic Datathon and Data Summit 2025 is an event hosted for professional healthcare technology. The event brings together multidisciplinary teams to develop innovative solutions using healthcare data. The event kicks off with a one-day data summit, featuring keynote addresses, panel discussions, and workshops on AI, data sharing, and ethical issues in healthcare. ",2025-04-04,2025-04-06,"Jacksonville, Florida",United States,,,,,"Healthcare, Information Technology","Other Healthcare, Other Information Technology","Other Healthcare, Other Information Technology"
3005,2943,SCHCA Annual Meeting & Expo 2025,"SCHCA Annual Meeting & Expo is an event hosted for care leaders. The event brings together education and training industry professionals to connect on high quality education, networking with peers, and exploring cutting edge supplies and services, allowing attendees to gain knowledge about future aspects.",2025-04-27,2025-04-30,"Myrtle Beach, South Carolina",United States,,,,,Business Products and Services (B2B),Commercial Services,Other Commercial Services
884,875,Health Optimisation Summit 2025,"The Health Optimisation Summit 2025 is an event hosted for individuals passionate about health, wellness, and performance. The event brings together healthcare professionals to connect on biohacking, nutrition, longevity, fitness, functional and preventative medicine, allowing attendees to access cutting-edge insights, experience innovative technologies, and engage with a community dedicated to optimizing health.",2025-09-13,2025-09-14,"London, United Kingdom",United Kingdom,39,39,1,"A.Vogel Limited, Axiom H2, BEAM Minerals, Ben Greenfield, BiOptimizers, CELLER8, Echo (Personal Care Product), Exhale (Beverages), Hifas da Terra, Hologenix (Los Angeles), Institut AllergoSan Pharmaceuticals Research & Sales, Kineon, Lingo ( Business/Productivity Software), Neurosonic Finland, Nomosu, OptimallyMe, Performance Health Systems, PharmEnable Therapeutics, Pharmena (WAR: PHR), Pure Maintenance UK, Quicksilver Scientific, REPOWR, Ra Optics, Randox, Rayonex Biomedical, Rejuv IV, SAMINA Prod- u. Handels, Stemregen, Sunlighten, THOR Photomedicine, The Wellness Tree Group, Timeline (Biotechnology), Tulā Code, Vire Health, Vitality Pro, Vivobase, Youth & Earth, Zero Gravity Skin, formal1741704917630zav, formalCompany_1741677439593mbo, formalCompany_1748826830988xyr, formalSP_1738637374193azj, formalSP_1747616256270vyv",Healthcare,Healthcare Services,Other Healthcare Services
7252,7068,GTM Luxury 2025,"‘GTM Luxury 2025’ is an event hosted for elite luxury travel advisors and high-end travel suppliers. The event brings together top-producing travel professionals and global 4+ star suppliers to connect on luxury travel trends, curated experiences, and strategic partnerships, allowing attendees to engage in pre-scheduled one-on-one meetings, participate in immersive boardroom sessions, and build meaningful relationships that drive business growth in the luxury travel sector.",2025-07-28,2025-07-30,"Phoenix, Arizona",United States,,,,,Consumer Products and Services (B2C),"Restaurants, Hotels and Leisure",Leisure Facilities
7253,7069,TTC Third Annual Conference 2025,"TTC Third Annual Conference 2025 is an event hosted for transportation technology professionals, government agencies, academic researchers, and industry innovators. The event brings together experts and decision-makers to connect on topics of rail innovation, safety, sustainability, and infrastructure modernization, allowing attendees to explore cutting-edge solutions, share research, and shape the future of mobility.",2025-10-07,2025-10-08,"Pueblo, Colorado",United States,12,12,,"AP Sensing, AtkinsRealis (TSE: ATRL), Cameron Connect, Center For Urban Transportation Research, Duagon, DymaxRail, Heuristic Actions, HiRAIL, Miller Ingenuity, OptiFuel Systems, ROBEL North America Corporation, Railway Metrics and Dynamics Sweden (NGM: RMDX)",Business Products and Services (B2B),"Commercial Products, Commercial Services","Other Commercial Products, Other Commercial Services"
7254,7070,2026 European Automotive Laser Applications,"The European Automotive Laser Applications conference is set to take place at the CONPARC Hotel & Conference Centre in Bad Nauheim, Germany, from February 3 to February 4, 2026. This prestigious event gathers industry leaders, researchers, and innovators to explore the latest advancements in laser applications within the automotive sector. Participants will have the opportunity to engage in insightful discussions, attend expert-led presentations, and network with fellow professionals. With a focus on cutting-edge technologies and trends, this conference is an essential platform for those looking to enhance their understanding of how laser technology is revolutionizing automotive manufacturing and design.",2026-02-03,2026-02-04,"Bad Nauheim, Germany",Germany,,,,,"Consumer Products and Services (B2C), Healthcare","Consumer Durables, Pharmaceuticals and Biotechnology","Drug Discovery, Electronics (B2C)"
9374,9063,"Governance, Risk & Compliance Summit NSW 2025","Cultivating risk preparedness and resilience is vital for attaining business goals and fulfilling stakeholder expectations. Participate in the premier interactive, in-person event for Governance, Risk, and Compliance (GRC) leaders from Australia and New Zealand to engage in strategic dialogues about challenges and opportunities in risk management and compliance. Engage in meaningful discussions concerning the evolving priorities of a Chief Risk Officer (CRO) in an unpredictable environment, the design and implementation of adaptable risk management strategies and frameworks, and the effective balance of competing compliance priorities in the digital era.",2025-10-14,2025-10-14,"Sydney, Australia",Australia,,,,,Financial Services,Other Financial Services,Other Financial Services
11499,11014,Western States Water Council Fall Meeting & Conference 2025,"WSWC Fall (208th) Meetings is an event hosted for state water officials and practitioners from the Western States. The event brings together industry professionals to connect on topics like groundwater management, aquifer recharge, water data strategies, and coastal water quality programs, allowing attendees to share technical insights, explore collaborative policy solutions, and advance regional water resource resilience.",2025-09-23,2025-09-26,"San Pedro, California",United States,,,,,Business Products and Services (B2B),Commercial Services,Environmental Services (B2B)
13622,12882,Family Office Super Summit 2025,"Family Office Super Summit 2025 is an event hosted for elite investors, capital raisers, and JV partners to connect on the latest trends and strategies in investing in the financial market. The event brings industry professionals to make meaningful connections, source deal flow, identify new fund
managers or sponsors, and keep on top of the best practices in their industry.",2025-12-09,2025-12-11,"Fort Lauderdale, Florida",United States,,,,Kinsella Group,Financial Services,Capital Markets/Institutions,"Asset Management, Brokerage, Investment Banks, Other Capital Markets/Institutions, Private Equity"
13623,12882,Family Office Super Summit 2024,"Family Office Super Summit 2024 is an event hosted for family office executives, ultra-wealthy investors, capital raisers, and private equity professionals in the global investment and wealth management space. The event brings together industry professionals to connect on direct investments, joint ventures, investor mandates, impact strategies, and AI-driven deal sourcing, allowing attendees to expand their networks, accelerate capital deployment, and unlock new opportunities in a dynamic investment landscape.",2024-12-10,2024-12-12,"Miami, Florida",United States,19,19,5,"Aevumed, Body Machine Fitness, Brennan Investment Group, ColdSnap, Davi Audio, Equity Trust, Forward Progress, Genius Ventures, Hedgehog Investments, Heritage Wealth Management (California), Investor Loan Source | ILS Capital, Kinsella Group, Lubert-Adler, Parking Vault, Pioneer Realty Capital, Purim Ventures, Renaissance Administration, Republic Investment Group, TLS Global Group, TomBot, Transcend (Other Services), Universal Financial Consultants, WealthTrust Asset Management, Youtopia, bTd (Services (B2C Non-Financial))",Financial Services,Capital Markets/Institutions,Private Equity
7260,7076,Footwear & Accessories Show Australia 2025,"‘Footwear & Accessories Show Australia 2025’ is an event hosted for footwear, fashion, and lifestyle industry professionals. The event brings together global suppliers, designers, brand managers, and sourcing agents to connect on international sourcing, product innovation, and fashion trends in footwear and accessories, allowing attendees to discover over 150 global manufacturers, streamline their supply chains, and expand their business networks in Australia’s fashion capital.",2025-11-18,2025-11-20,"Melbourne, Australia",Australia,,,,,"Consumer Products and Services (B2C), Materials and Resources","Apparel and Accessories, Consumer Non-Durables, Textiles","Clothing, Other Textiles, Personal Products"
9385,9074,GHBA's Annual Homebuilding & Remodeling Expo 2025,"GHBA's Annual Homebuilding & Remodeling Expo 2025 is an event hosted for professionals focused on food & beverages. The event brings together industry professionals to connect on topics of the latest tools, technologies, and trends in the homebuilding and remodeling industry, allowing attendees the chance to explore various exhibitor booths, recharge with delicious food, and participate in industry camaraderie.",2025-10-16,2025-10-16,"Houston, Texas",United States,8,8,,"Builders Firstsource (NYS: BLDR), Datasmart, Hotchkiss Insurance, RTG Cabinets, Ready Cable, StrucSure Home Warranty, The Detering Company, The Sherwin-Williams (NYS: SHW)",Consumer Products and Services (B2C),Consumer Non-Durables,Food Products
9386,9075,Hospice Financial Administration Conference 2025,"Hospice Financial Administration Conference 2025 is an event hosted for hospice financial professionals, administrators, consultants, and clinical leaders. The conference brings together experts and stakeholders to connect on the evolving landscape of hospice fiscal management, with a focus on compliance, reporting, and strategic financial planning. Attendees will benefit from in-depth sessions designed not only for accounting and finance teams but also for administrative personnel, consultants, and clinical managers seeking a deeper understanding of financial success in hospice care.",2025-10-16,2025-10-17,"Orlando, Florida",United States,,,,,Financial Services,Other Financial Services,Other Financial Services
11510,11025,London Design Forum 2025,"London Design Forum 2025 is an event hosted for designers, architects, creative professionals, and thought leaders from around the world. The event brings together industry professionals to connect on topics of focus such as sustainability, accessibility, inclusivity, and the future of design, allowing attendees to explore how design can address urgent global challenges while fostering innovation and collaboration.",2025-09-24,2025-09-25,"London, United Kingdom",United Kingdom,,,,,Consumer Products and Services (B2C),Services (Non-Financial),Other Services (B2C Non-Financial)
3024,2962,SecureWorld Chicago 2025,"SecureWorld Chicago 2025 is a one-day regional cybersecurity conference, the event is expected to draw hundreds of InfoSec professionals, including CISOs, IT security managers, and risk officers, the event features like microsite agenda builder and CyberHunt gamification.",2025-05-21,2025-05-21,"Rosemont, Illinois",United States,18,18,,"AppOmni, BitDefender, Black Duck Software, Cloud Storage Security, Darktrace, Dune Security, HiddenLayer, Human Security, Infoblox, Keeper Security, Permiso, Rapid7 (NAS: RPD), Robert Half (NYS: RHI), Silverfort, Sumo Logic, Tevora, ThreatLocker, Trustmi","Business Products and Services (B2B), Information Technology","Commercial Services, Computer Hardware, Other Information Technology","Computers, Parts and Peripherals, Other Commercial Services, Other Information Technology"
9394,9083,Building the Bridge 2025,"Building the Bridge 2025 is an event hosted for fitness business owners, operators, and professionals across Michigan. The event brings together industry leaders to connect on topics such as sustainable exercise motivation, leadership development, and bridging the gap between fitness and healthcare, allowing attendees to gain expert insights, continuing education credits, and practical strategies to elevate their businesses and foster healthier communities throughout the state.",2025-10-15,2025-10-15,"Lansing, Michigan",United States,,,,,Healthcare,Healthcare Services,Other Healthcare Services
5151,5045,International Association For Identification's Educational Conference 2025,"International Association for Identification's Educational Conference 2025 is an event hosted for forensic scientists, crime scene investigators, biometric experts, and law enforcement professionals. The event brings together industry professionals to connect on forensic identification, crime scene processing, and scientific examination of physical evidence, allowing attendees to gain hands-on training, explore the latest technologies, and deepen their expertise through lectures, workshops, and certification programs across disciplines like DNA, latent prints, digital forensics, and more.",2025-08-10,2025-08-16,"Orlando, Florida",United States,64,64,,"ANSI National Accreditation BoardANSI National Accreditation Board, AVER (IT Consulting and Outsourcing), Adorama, Air Science Technologies, Amped Software, Ande, Arrowhead Forensics, Attestor Forensics, Aware (USA) (NAS: AWRE), CSIpix, Carlson (IT Consulting and Outsourcing), Collaborative Testing Services, Collision Forensic Solutions, Columbia Southern Education Group, Crime Science Technology, Crime Sciences, DNA Labs International, DataWorks, Dermalog Jenetric, DotProduct, EVIDENT (Virginia), Evidence IQ, FARO Technologies, FileOnQ, Foray (Application Software), Forensic Pieces, Foster + Freeman, FoxFury Lighting Solutions, Ideal Innovations, Idemia, Identification International, Innovatrics, Integrated Biometrics, L-Tron, Labino, Lakota Software Solutions, Leica Geosystems (Electronic Equipment and Instruments), M-Vac Systems, MEDTECH Forensics, Mentalix, Metasystem Group, Mideo Systems, Mystaire, NBS Calibrations, NEC Corporation of America, Revelen.AI, Ron Smith and Associates, Secure Planet, Sirchie Finger Print Laboratories, Smytec, Sony Corporation of America, TECH5, Texas Tech University, Thales Group (PAR: HO), The Peavey Corporation, Topair Systems, Trancite Logic Systems, Tri-Tech Forensics, Two Technologies, VeriPic, Versaterm, Visionations, West Technology Systems, ecaptureDtech, laura pettler & associates","Business Products and Services (B2B), Healthcare","Commercial Services, Pharmaceuticals and Biotechnology","Drug Discovery, Education and Training Services (B2B)"
11527,11042,American Supply Chain Summit,"The American Supply Chain Summit is a strategic conference hosted for supply chain executives, operations leaders, logistics professionals, and procurement specialists. It brings together industry professionals to connect on topics such as supply chain resilience, digital transformation, risk management, and workforce development. Attendees gain valuable insights into optimizing end-to-end operations, leveraging emerging technologies like AI and IoT, and navigating global disruptions. Through keynote presentations, case studies, and interactive sessions, the summit empowers participants to enhance efficiency, foster innovation, and build agile, future-ready supply chain networks.",2026-04-27,2026-04-28,"Dallas, Texas",United States,,,,,Business Products and Services (B2B),Commercial Services,Logistics
7285,7100,MSSC Summit 2026,"MSSC Summit 2026 is an event hosted for the Salinity Management sector. The event brings together industry leaders, innovators, and professionals to explore the latest trends and advancements in desalination-related technologies, salinity control strategies, and associated policies, allowing attendees to have the opportunity to participate in engaging keynote presentations, informative workshops, and valuable networking sessions designed to foster collaboration and share insights.",2026-02-25,2026-02-27,"Las Vegas, Nevada",United States,,,,,Business Products and Services (B2B),Commercial Services,Environmental Services (B2B)
11539,11054,Medicine24 Conference 2025,"Medicine24 Conference 2025 is an event hosted for consultant physicians, trainee doctors, SAS doctors, allied health professionals, and medical students across the UK and beyond. The event brings together experts from acute and general medicine to connect on topics such as front-door care, health inequalities, and multidisciplinary clinical approaches, allowing attendees to earn up to 12 CPD credits, participate in keynote sessions led by renowned speakers like Professor Dame Carrie MacEwan, and engage in both in-person and online formats.",2025-10-23,2025-10-24,"Glasgow, United Kingdom",United Kingdom,2,2,,"Daiichi Sankyo Company (TKS: 4568), Viatris (NAS: VTRS)",Healthcare,Healthcare Services,Other Healthcare Services
5174,5067,International Conference on Genetics 2025,"International Conference on Genetics 2025 is an event hosted for geneticists, researchers, scientists, healthcare professionals, and students. The event brings together industry professionals to connect on the major advancements in genetic investigation and genomic medicine, providing intuition into inventive techniques, breakthrough therapies, and novel preventive measures, allowing attendees to be exposed to exciting debates on numerous subjects such as gene-editing technologies, genetic therapies, ethics in genetics, and artificial intelligence integration in genomics.",2025-08-18,2025-08-19,"Barcelona, Spain",Spain,,,,,Healthcare,Pharmaceuticals and Biotechnology,"Biotechnology, Drug Discovery, Other Pharmaceuticals and Biotechnology"
13664,12918,No-Code Day conference Italy 2025,"No-Code Day conference Italy 2025 is an event hosted for digital leaders, IT professionals, and business innovators across Europe. The event brings together industry professionals to connect on no-code development, AI-powered automation, and CRM transformation, allowing attendees to explore cutting-edge technologies, share success stories, and build strategic partnerships that accelerate digital growth.",2025-10-09,2025-10-09,"Monza, Italy",Italy,,,,,Information Technology,"Other Information Technology, Software","Automation/Workflow Software, Other Information Technology"
3058,2995,IRT - Interactive Response Technologies Europe 2025,"The IRT - Interactive Response Technologies Europe event brings the presentation introduces the fundamentals of GS1® data structure and standards. It further explains how these standards were utilized in a proof-of-concept pilot to demonstrate how GS1® standards are additive to supply optimization efforts. The pilot was initiated by the Clinical Supply Leadership Forum (CSLF) GS1® community of practice, led by Asim Kahn from Amgen and Hans von Steiger from Pfizer. During this pilot, the feasibility of streamlining site receiving and dispensing operations through connection of systems was demonstrated. Through collaboration, the pilot showcased how key aspects of clinical supply distribution and dispensing can be streamlined by leveraging GS1 identification and electronic data interchange (EDI) standards.",2025-10-14,2025-10-15,"Boston, Massachusetts",United States,12,12,1,"4G Clinical, Almac Group, Atreo, Perceptive (Healthcare), Pharmaceutical Commerce, Pharmaceutical Executive, Poxy Clinical, Signant Health, Sitero, Suvoda, Taikun Pharma, YPrime",Business Products and Services (B2B),Commercial Services,Other Commercial Services
5181,5074,Washington Digital Government Summit 2025,"Washington Digital Government Summit is an event hosted for public sector leaders and government technology professionals. The event brings together digital government industry professionals to connect on cybersecurity, AI implementation, data governance, and digital transformation, allowing attendees to explore innovative solutions, engage in expert discussions, and collaborate on shaping the future of government services.",2025-11-13,2025-11-13,"Tacoma, Washington",United States,,,,,Business Products and Services (B2B),Commercial Services,"Other Commercial Services, Security Services (B2B)"
7306,7121,Transatlantic Business Conference 2025,"The Transatlantic Business Conference is an event hosted for senior business leaders and policymakers across Europe and the United States. The event brings together industry professionals to connect on deepening transatlantic economic relations, exploring key topics like trade, investment, and technology, allowing attendees to gain high-level insights, network with decision-makers, and forge strategic partnerships.",2025-11-19,2025-11-19,"Berlin, Germany",Germany,,,,,"Business Products and Services (B2B), Financial Services","Commercial Services, Other Financial Services","Other Commercial Services, Other Financial Services"
11552,11066,International Symposium on Foundations & Practice of Security 2025,"International Symposium on Foundations & Practice of Security 2025 is an event hosted for researchers, engineers, industry leaders, and policymakers in the energy and power systems sector. The event brings together professionals to connect on emerging technologies, smart grid innovations, and sustainable energy solutions allowing attendees to gain opportunities to explore cutting-edge research, collaborate on system integration challenges, and advance the development of resilient, low-carbon power infrastructures for the future.",2025-11-25,2025-11-27,"Plouzané, France",France,1,1,,DEPARTEMENT DU FINISTERE,Information Technology,Other Information Technology,Other Information Technology
13675,12929,No-Code Day conference Riyadh 2025,"No-Code Day conference Riyadh 2025 – The Age of AI is an immersive conference hosted by Creatio for digital leaders, innovators, and professionals across Latin America. The event brings together industry experts to connect on AI-powered automation, actionable CRM, and no-code technologies, allowing attendees to explore cutting-edge solutions, deepen expertise, and build strategic relationships that drive growth and efficiency.",2025-02-18,2025-02-18,"Riyadh, Saudi Arabia",Saudi Arabia,2,2,,"Doumind, Sirma Group Holding (XBUL: SGH)",Information Technology,"Other Information Technology, Software","Automation/Workflow Software, Other Information Technology"
944,933,Energy Management Summit 2025,"Energy Management Summit 2025 is an event hosted for senior energy and facilities management professionals. The event brings together industry professionals to connect on topics such as energy efficiency, sustainability strategies, and innovative technologies, allowing attendees to engage in one-to-one meetings, gain insights from expert-led seminars, and explore solutions that drive cost savings and environmental impact reduction.",2025-09-22,2025-09-23,"Heathrow, United Kingdom",United Kingdom,,,,,"Business Products and Services (B2B), Energy","Commercial Services, Energy Services","Energy Infrastructure, Other Commercial Services"
11558,11072,Dubai World Insurance Congress,"The Dubai World Insurance Congress (DWIC) is a high-impact event hosted for senior insurance and reinsurance professionals, brokers, underwriters, and insurtech innovators. It brings together industry leaders to connect on topics such as emerging risks, digital transformation, climate resilience, and strategic growth across global and regional insurance markets. Attendees gain valuable insights into evolving market dynamics, regulatory developments, and technological advancements shaping the future of insurance. Through curated networking sessions, thought leadership panels, and the DWIC Meeting Hub, the congress empowers participants to forge meaningful partnerships, explore new business opportunities, and drive innovation in the insurance ecosystem.",2026-04-27,2026-04-29,"Dubai, United Arab Emirates",United Arab Emirates,21,21,1,"Anoud Technologies, Callidus Solutions, Chubb Fire Security, Clarity (Commercial Services), Doha Insurance Group (DSMD: DOHI), Fenchurch Faris, Fitch Group, HDI Global, Liberty Ubezpieczenia, Malakut Insurance Brokers, Moody's Investors Service (NYS: MCO), Münchener Rückversicherungs-Gesellschaft (ETR: MUV2), Nasco (Healthcare Technology Systems), Oneglobal Broking, Phinsys, Premier Protection Insurance Services, R+V Group, SHIELDS, SWAN RE, Solus Insurance Brokers, Tysers, formalCompany_1744043431830dbl",Financial Services,Other Financial Services,Other Financial Services
13682,12936,Advanced Therapy Medicinal Products Conference 2025,"Advanced Therapy Medicinal Products Conference 2025 is an event hosted for biomedical researchers, pharmaceutical developers, regulatory experts, and healthcare innovators. The event brings together industry professionals to connect on cell and gene therapies, regulatory frameworks, clinical advancements, and commercialization strategies, allowing attendees to explore cutting-edge developments, navigate compliance challenges, and accelerate the delivery of transformative therapies to patients.",2025-11-27,2025-11-28,"Barcelona, Spain",Spain,4,4,,"Clocate.com, Eventbrite (NYS: EB), Medium, Ten Times Online",Healthcare,Healthcare Services,Other Healthcare Services
13683,12937,PromotionTrade Exhibition,"PromotionTrade Exhibition 2026 is an event hosted for businesses in promotional products, textiles, and printing. It brings together suppliers, manufacturers, and buyers to explore new product ideas, discover customization techniques, and build valuable partnerships, allowing attendees to stay current with trends and grow their brand presence in the market.",2026-01-21,2026-01-23,"Milan, Italy",Italy,51,51,1,"ANDA Present Group, Amgs Group, Artisanet, Atlantis Headwear, Awservice, BUFF, CIFRA SL, Caimi Luigi E Figlio, Camac Arti Grafiche, Embroidery Service, Eurmoma Societa A Responsabilita Limitata, Eurodet, Fiera Milano (MIL: FM), Fiorenzo Digital Teamwear, Get Impressed, Gi An, Headwear, Italian Distribution Group, Kingly, Konus USA Corporation, L-Shop-Team, Lanyard, Maikii, Makito, Malfini, Marini Silvano, Market Screentypographic S.R.L. Denominazione Abbreviata: Mst, Mat.En, Maxim Ceramics, Mid Ocean Group, Noex Sp. Z O.O., PF Concept International, Paul Stricker, S.A., Pellegrini A. E C., Professional Pins, Promonotes, Promotred, Qualitypunch, Raxy Line, Realisaprint.It, Responsor, Sei Due Sei, Sil.An. Promozioni S.R.L. Import Export, T-Shirt Makers, TopTex group (Italy), Trendfactory - B2B Partner Rituals, Valento, Walomo, Worklinestore, Xoopar Europe, Zep Pro, xd connects",Consumer Products and Services (B2C),Consumer Durables,Business Equipment and Supplies
5199,5092,Logistics Research Network Conference 2025,"Logistics Research Network Conference 2025 is an event hosted for researchers, industry experts, and thought leaders in the field of logistics. The event brings together logistics & transportation professionals to connect on share insights, discuss emerging trends, and explore innovative solutions to contemporary logistical challenges, allowing attendees to engage in thought-provoking presentations, panel discussions, and networking sessions that foster collaboration and knowledge exchange.",2025-09-03,2025-09-05,"Sheffield, United Kingdom",United Kingdom,84,84,6,"7695799 Canada, Active Ants, AerFin, Anglia Ruskin University, Aptean, B&Q, BAE Systems (LON: BA.), BDO UK, Babcock International Group (LON: BAB), Booths, C9 Recruitment, CEVA Logistics, Clarkson (LON: CKN), Clipfine, ComfortDelGro (SES: C52), Cookson Precious Metals, Culina group, DB Schenker, DHL Distribution Holdings (UK), DP World, Dawsongroup, Dematic Group, Descartes Systems Group (TSE: DSG), Dimensions Clothing, East Yorkshire Motor Services, Fast Lean Smart, Flexible Power Systems, Flox (Logistics), Fortna, GAMA Healthcare, GXO Logistics (NYS: GXO), Gist (Logistics), Glasgow Caledonian University, Great Bear Distribution, Halfords Group (LON: HFD), Hatmill Supply Chain Consultants, Hats Group, Howden Joinery Pension Plan, ID Logistics Group (PAR: IDL), IPP (Logistics), Innovecs, Ipswich Buses, JJX Logistics, JT International, Leidos Holdings (NYS: LDOS), Linde Material Handling (UK), Logistex, London Hire, M6toll, Menzies Distribution, Mountain Warehouse, Muller UK & Ireland Group, NashTech (Business/Productivity Software), National Grid (LON: NG.), Nene Storage Equipment Limited, Northern Powergrid Holdings Company, Oracle (NYS: ORCL), Ordnance Survey, Orion Systems Integrators, PTV Logistics, Palletforce, Petrofac (LON: PFC), Plymouth Citybus, Powerday, Reading Buses, RideTandem, Road Haulage Association, SEC Group, SSE (LON: SSE), Samuel Grant Group, Sentric Group, Softeon, Staffordshire County Council Pension Fund, Stagecoach Group (London Bus Operations), Supply Chain Coordination, TT Club Mutual Insurance, The Logistics Partnership, The Supply Chain Consulting Group, Turbine Surface Technologies, Unipart Group, University of Derby, Velociti Solutions, Visku, Walker Logistics, Wincanton, Wise (Solihull), XPO (US) (NYS: XPO), Ypo Supplies, Yusen Logistics Company, Zenobe Energy, ZigZag Global, formal1741708137026yrm, sdformalInvestor_1741660291946mdv",Business Products and Services (B2B),Commercial Services,Logistics
9447,9133,Annual Regulatory Compliance Conference 2025,"Annual Regulatory Compliance Conference 2025 is an event hosted for industry leaders, compliance officers, and legal experts. The event brings together Regulatory Compliance professionals to connect on the latest developments in regulatory compliance, allowing attendees to explore best practices and innovative strategies that shape the future of compliance.",2025-10-09,2025-10-09,"New York, New York",United States,,,,,Business Products and Services (B2B),Commercial Services,Other Commercial Services
11575,11088,PCPA South West Symposium 2025,"PCPA South West Symposium 2025 is an event hosted for pharmacy professionals across the UK who are passionate about clinical excellence and collaborative care. The event brings together industry professionals to connect on practical skills, prescribing safety, and innovations in general practice, allowing attendees to engage in interactive workshops, hear from expert speakers, and network with peers in a live, hands-on setting.",2025-09-24,2025-09-24,"Bridgwater, United Kingdom",United Kingdom,,,,,Healthcare,Healthcare Services,Other Healthcare Services
5211,5104,Hydrogen Americas Summit 2025,"The Hydrogen Americas Summit 2025 is an event hosted for senior energy executives, policymakers, investors, technology developers, and infrastructure specialists in the hydrogen and broader energy solutions sector. The event brings together industry professionals to connect on topics such as hydrogen technologies, energy storage, carbon capture (CCUS), policy frameworks, project financing, and clean energy integration, allowing attendees to forge partnerships, access actionable insights, and advance hydrogen project deployment across the Americas.",2025-09-03,2025-09-04,"Oxon Hill, Maryland",United States,27,27,,"BAUER COMP Holding, Bechtel, Bureau Veritas (PAR: BVI), CIRCOR International, Ceres Power Holdings (LON: CWR), Engineered Transportation International, Friem, Future Pipe Industries, Hitachi (TKS: 6501), Hitachi Energy, Hunter Buildings, IHI Energy Solutions, Imcoconstruction, Kawasaki Heavy Industries (TKS: 7012), Kiewit, Kyowa Electronic Instruments Company (TKS: 6853), Münchener Rückversicherungs-Gesellschaft (ETR: MUV2), Nel (Alternative Energy Equipment) (OSL: NEL), Powertech Labs, RX, Recherche 2000, Sma Solar Technology Amer, Sma Solar Uk, Swagelok, TMEIC, The Flexitallic Group, Thyssenkrupp Nucera (FRA: NCH2)","Business Products and Services (B2B), Energy","Commercial Services, Other Energy, Utilities","Environmental Services (B2B), Other Energy, Other Utilities"
3090,3027,Global Syngas Technologies Conference 2025,"Global Syngas Technologies Conference 2025 is an event hosted for the syngas industry’s top experts and corporate leaders. The event brings together industry professionals to connect on syngas technologies, allowing attendees to meet major players, exchange knowledge, and engage in networking across the global syngas community.",2025-10-12,2025-10-15,"San Diego, California",United States,15,15,,"ARVOS Group, Air Products and Chemicals (NYS: APD), BASF (ETR: BAS), Bd Energy Systems, Fluor (NYS: FLR), Johnson Matthey (LON: JMAT), KP Engineering, Kiewit, Linde (NAS: LIN), National Energy Technology Laboratory, Omni Conversion Technologies, Saint-Gobain (PAR: SGO), SunGas Renewables, The Flexitallic Group, Topsoe",Information Technology,Other Information Technology,Other Information Technology
3093,3030,TechCon 365 Dallas 2025,"TechCon 365 Dallas 2025 offers a  optional workshops, featuring over 130 sessions led by top experts in Microsoft technologies, including Microsoft 365, Power Platform, and Azure, attendees can choose content tailored to their experience level and interests, with sessions covering a variety of relevant topics.",2025-11-03,2025-11-07,"Dallas, Texas",United States,4,4,1,"Cadence Solutions, Crow Canyon Systems, Motio (Dallas), Saxon Global, Webcon",Information Technology,Other Information Technology,Other Information Technology
13704,12955,Ecf Live 2025,"Ecf Live 2025 is an event hosted for industry professionals, enthusiasts, and innovators. The event brings together industry professionals to connect on insightful discussions, networking opportunities, and engaging presentations on ECF, allowing attendees to immerse themselves in the latest trends and developments, while also enjoying the beautiful surroundings of Bozeman.",2025-09-29,2025-10-01,"Bozeman, Montana",United States,8,8,1,"A2X Accounting, Angler, Fulfil.IO, Mercury, Quiet Light Brokerage, Revision Lega, Richpanel, TaxValet, qvformalInvestor_1741662603619esr","Business Products and Services (B2B), Information Technology","Commercial Services, Other Information Technology","Other Commercial Services, Other Information Technology"
5220,5113,SECO Conference 2025,"SECO 2025 Conference is an event hosted for manufactured housing community owners, property managers, and industry professionals. The event brings together industry professionals to connect on topics such as affordable housing innovation, community management, investment strategies, and the latest developments in manufactured home design and services, allowing attendees to gain practical insights, network with successful peers, and explore new opportunities to grow and thrive in the manufactured housing sector.",2025-09-08,2025-09-10,"Atlanta, Georgia",United States,12,12,1,"American Commerce Bank, Blevins, ManageAmerica Integrated Billing Services, Metron (Aerospace and Defense), Mobile Insurance Agency of Texas, Newby Management, Petscreening, Rent Manager, Tri-State Distributors, Triad Financial Services, Vanderbilt Mortgage and Finance, Yale Realty & capital advisors, Yardi Systems, Zego (Financial Software)","Business Products and Services (B2B), Consumer Products and Services (B2C)","Commercial Services, Services (Non-Financial)","Other Commercial Services, Other Services (B2C Non-Financial), Real Estate Services (B2C)"
11586,11099,National Association of Benefits and Insurance Professionals Iowa Conference 2026,"The National Association of Benefits and Insurance Professionals' Iowa Conference 2026 is an event designed for professionals to connect, receive updates on government affairs and the Iowa legislature, earn continuing education credits, engage in networking opportunities, and pursue professional development.",2026-04-21,2026-04-23,"Altoona, Iowa",United States,28,28,1,"Aflac (NYS: AFL), AgencyBloc, Ansel, Associated Bank (NYS: ASB), Avesis, Beam Benefits, Benefit Administration For The Self Employed, Claim Doc, Colonial Life & Accident Insurance Company, Delta Dental of Iowa, E F R Institute For The Well Being, Engage PEO, Gravie, Group Benefits (United States), HealthPartners UnityPoint Health, Hy-Vee Health Exemplar Care, Iowa Bankers Insurance & Services, Kingsgate Health Insurance Company, Medical Associates, Medone (IA), MercyOne, Optimyl Benefits, Physicians Mutual Insurance Company, Principal Financial Group (NAS: PFG), Savii (BPO/Outsource Services), Senior Insurance Marketing, Tokio Marine HCC, United Healthcare Services, Vivid Clear Rx, Wellmark (Medical), isolved HCM",Financial Services,Other Financial Services,Other Financial Services
7344,7159,NBDF's Bleeding Disorders Conference 2025,"NBDF's Bleeding Disorders Conference 2025 is an event hosted for patients, families, and healthcare professionals. The event brings together bleeding disorders professionals to connect on education, research, and community support, allowing attendees to learn, network, and explore the latest advancements in care",2025-08-21,2025-08-23,"Aurora, Colorado",United States,,,,,Healthcare,Healthcare Services,Other Healthcare Services
979,966,Bournemouth Business Expo 2025,"Bournemouth Business Expo features a vast exhibition of local exhibitors, offering services and products, alongside free seminars, workshops by top speakers, and a speed networking session.",2025-03-20,2025-03-20,"Bournemouth, United Kingdom",United Kingdom,,,,,Business Products and Services (B2B),Commercial Services,Other Commercial Services
11591,11104,Design-Build for Transportation/Aviation 2026,"Design-Build for Transportation/Aviation 2026 is an event hosted for transportation planners, engineers, and infrastructure experts. The event brings together industry professionals to connect on mobility innovation, sustainable transit solutions, and policy development, allowing attendees to explore emerging technologies, share best practices, and shape the future of transportation systems.",2026-04-15,2026-04-17,"Grapevine, Texas",United States,58,58,4,"AECOM (NYS: ACM), Acrow Bridge, Advanced Drainage Systems (NYS: WMS), American Structurepoint Inc., Ames Construction, Architectural Polymers, Ardurra Group, Arup Group, AtkinsRealis (TSE: ATRL), Atlantic Industries, Autodesk (NAS: ADSK), BGE Engineering, Ballard Marine Construction, Barnard Construction, BrandSafway, Burns & McDonnell, COWI, Cell-crete Corp., Cor-Pro Systems, Dewberry, Elevate Infrastructure, Epic Metals Corporation, Flatiron Construction, Freyssinet, GPI (Construction and Engineering), HDR, HNTB, Halff Associates, Huitt-Zollars, Intertek (LON: ITRK), Jacobs Solutions (NYS: J), Johnson, Mirmiran and Thompson, Keller Group (LON: KLR), Kiewit, MENARD USA, Mammoet, Michels (International Utility), Mott MacDonald Group, New Millennium Building Systems, Nicholson Construction, NightStar Traffic Solutions, Nossaman, Omega Flex (NAS: OFLX), Parsons (NYS: PSN), R.J. Watson, Inc., Raba Kistner, Richard Goettle, Rosendin Electric, S&B USA, Schnabel Engineering, Skanska USA, Stantec (TSE: STN), Structural Technologies, Sundt Construction, Terracon Consultants, Thalle Industries, The Transtec Group, The Walsh Group, Universal Engineering Sciences, Vector Corrosion, WSP Global (TSE: WSP), Whiting-Turner",Business Products and Services (B2B),Commercial Services,Construction and Engineering
5230,5124,Tulane Future of Energy Forum 2025,"Tulane Future of Energy Forum 2025 is an event hosted for energy professionals, policymakers, researchers, and sustainability advocates. The event brings together leaders from business, government, academia, and nonprofits to connect on topics such as energy innovation, market competition, and cross-sector collaboration, allowing attendees to explore transformative technologies, navigate policy and investment shifts, and forge partnerships that drive a more secure, sustainable, and equitable energy future.
",2025-09-10,2025-09-12,"New Orleans, Louisiana",United States,,,,,Energy,Energy Services,Energy Infrastructure
3114,3051,WT | Wearable Technologies Conference 2025,"WT | Wearable Technologies Conference 2025 is an event hosted for wearable tech innovators, digital health leaders, product developers, and industry researchers. The event brings together professionals from across the wearable technology ecosystem to connect on topics such as smart textiles, digital health, AI-powered devices, and metaverse integration, allowing attendees to discover breakthrough innovations, engage in high-level networking, and shape the future of connected living.",2025-09-16,2025-09-17,"Mountain View, California",United States,25,25,2,"B-Secur, CardieX (ASX: CDX), Connected Future Labs, DELO Industrie Klebstoffe, Dexerials (TKS: 4980), Genentech, Harvard Medical School, Johns Hopkins Medicine, LeydenJar, Linxens, Lohmann, Makalot Industrial Company (TAI: 1477), MyWaves, NGK Insulators (TKS: 5333), Nanowear, Navispace, Neursantys, Nokia (HEL: NOKIA), STMicroelectronics (PAR: STMPA), Screentec, Sharper Sense, Solventum (NYS: SOLV), Sports Data Labs, Stanford University, Vena Vitals, Wacker Chemie (ETR: WCH)",Business Products and Services (B2B),Commercial Services,Other Commercial Services
9481,9162,HPC Roundtable Italy 2025,"HPC Roundtable Italy 2025 is an event hosted for professionals focused on IT & Technology. The event brings together industry professionals to connect on topics of medium-term development and trends of High Performance Computing and Artificial Intelligence technologies, allowing attendees to better understand the evolution of HPC",2025-09-30,2025-09-30,"Turin, Italy",Italy,4,4,,"Advanced Micro Devices (NAS: AMD), Altair Engineering (Business/Productivity Software), Ansys, DataDirect Networks",Information Technology,Other Information Technology,Other Information Technology
9482,9163,WI/MN Public Transit Fall Conference 2025,"WI/MN Public Transit Fall Conference 2025 is an event hosted for transit professionals, agency leaders, and industry partners from Wisconsin and Minnesota. The event brings together experts to connect on topics such as rural and urban transit operations, fleet electrification, funding strategies, paratransit models, and emerging technologies. Attendees gain valuable insights through roundtables, breakout sessions, keynote presentations, and site tours, allowing them to strengthen regional collaboration, share best practices, and advance the future of public transportation across both states.",2025-10-06,2025-10-08,"Rochester, New York",United States,11,11,1,"ABC Companies, Bouygues E&S InTec Schweiz, Gillig, LHB, Minnesota Department of Transportation, Motor Coach Industries International, NFI Group (TSE: NFI), North Central International, Spheros, Srf Consulting Group, Transdev, Tripmaster",Business Products and Services (B2B),Commercial Services,Logistics
3119,3056,Texas Symposium on Wireless and Microwave Circuits and Systems Conference 2025,"Texas Symposium on Wireless and Microwave Circuits and Systems Conference 2025 is a leading IEEE-affiliated technical conference focused on the latest advances in wireless, RF, and microwave engineering, this event brings together academic researchers, industry professionals, and students to explore next-generation technologies in wireless and microwave systems, the event features a robust program of peer-reviewed technical papers, plenary sessions, invited talks, student poster competitions, and an exhibitor showcase.",2025-04-08,2025-04-10,"Waco, Texas",United States,,,,,"Consumer Products and Services (B2C), Information Technology","Communications and Networking, Consumer Durables","Electronics (B2C), Other Communications and Networking, Wireless Communications Equipment"
7366,7180,Amsterdam Textile Show 2025,"Amsterdam Textile Show 2025 is an event hosted for fabric and fashion professionals. The event brings together textile industry professionals to connect on textile innovation, sustainable materials, and global sourcing, allowing attendees to discover new suppliers, explore seasonal trends, and strengthen their position in the international fashion and garment ecosystem.",2025-09-29,2025-10-01,"Amsterdam, Netherlands",Netherlands,3,3,1,"Emtec (Electrical Equipment), EuroFit, NIL Textile, Naska Industries",Consumer Products and Services (B2C),"Apparel and Accessories, Consumer Non-Durables","Clothing, Personal Products"
11610,11121,China Commodity Fair Australia 2025 (CCFA),"China Commodity Fair Australia (CCFA) 2025 is an exhibition hosted for Australian retailers, wholesalers, distributors, importers, manufacturers, and industry players. The event brings together consumer goods professionals to connect on sourcing high-quality Chinese products—from homeware and electronics to lifestyle and specialty gifts—allowing attendees to explore over 5,000 products firsthand and secure face-to-face supplier partnerships.",2025-09-25,2025-09-27,"Sydney, Australia",Australia,3,3,1,"ARCAIR, S & P, Zhejiang Era Solar Technology, ltformalInvestor_1739756947524vth","Business Products and Services (B2B), Consumer Products and Services (B2C)","Commercial Services, Consumer Durables","Business Equipment and Supplies, Other Commercial Services"
1003,990,Brighton and Hove Business Show 2025,"Brighton and Hove Business Show 2025 is an event hosted for entrepreneurs, business owners, and local professionals across Sussex. The event brings together industry professionals to connect on networking, brand visibility, and business growth, allowing attendees to discover new suppliers, engage in expert-led seminars, and build valuable connections that drive regional economic success.",2025-06-05,2025-06-05,"Brighton, United Kingdom",United Kingdom,14,14,2,"Charles Cox Property Group, Clive Emson Auctioneers, EOS Worldwide, Elite Hotels (Rotherwick), Extech Cloud, Lightning Fibre, Lumina Energy, PBS Group, Plumpton Racecourse, Solar Dynamics, Sussex Area Chamber Of Commerce, Xeinadin Group, formal1748517844696cou, formalCompany_1741657551429foh, gsformalInvestor_1741577139468muj, qvformalInvestor_1747701751519koi","Business Products and Services (B2B), Consumer Products and Services (B2C)","Commercial Services, Restaurants, Hotels and Leisure","Hotels and Resorts, Other Commercial Services"
1007,994,Wiltshire Business Show 2025,"The Wiltshire Business Show features business breakfasts, a LIVEtalk event program, specialist clinics, meeting spaces, and a variety of exhibitors. It offers opportunities for networking, learning, and collaboration among businesses of all sizes, from start-ups to multinationals.

Wiltshire Business Show 2025 is an event hosted for the business community. The event brings together industry professionals to discuss, learn, and collaborate, where you can make new connections and develop innovative thoughts.",2025-09-17,2025-09-18,"Trowbridge, United Kingdom",United Kingdom,,,,,Business Products and Services (B2B),Commercial Services,Other Commercial Services
9502,9183,Benchmark Summit Columbus 2025,"Benchmark Summit Columbus 2025 is an event hosted for government policymakers, regulators, institutional investors, and financial analysts. The event convenes leading figures in the EV, battery, and critical mineral space with investors fueling domestic growth, to discuss the challenges and opportunities in securing North America's battery supply chain, allowing attendees to gain market intelligence and network with key stakeholders.",2025-10-02,2025-10-02,"Columbus, Ohio",United States,1,1,,"Hargrove (Construction and Engineering), JobsOhio",Energy,Energy Services,"Energy Storage, Other Energy Services"
11625,11136,Icdp Autumn Meeting 2025,"Icdp Autumn Meeting 2025 is an event hosted for professionals, researchers, and practitioners from various disciplines. The event brings together auto & automotive professionals to connect on innovative developments and share insights related to the ICDP community, allowing attendees to engage in informative sessions, network with peers, and participate in workshops that explore the latest trends and methodologies in their respective fields.",2025-10-21,2025-10-22,"Frankfurt am Main, Germany",Germany,,,,,Consumer Products and Services (B2C),Transportation,Automotive
7382,7196,2026 American Supply Association Northeast Summit,"American Supply Association Northeast Summit is an event hosted for professionals focused on Medical & Pharma. The event brings together industry professionals to discuss the latest trends, challenges, and innovations in the supply chain sector allowing attendees expect a dynamic agenda featuring keynote speakers, panel discussions, and networking opportunities designed to foster collaboration and knowledge sharing.",2026-06-16,2026-06-17,"Newport, Rhode Island",United States,,,,,Healthcare,Healthcare Services,Other Healthcare Services
3141,3078,Digital Oilfields Canada Exhibition and Conference 2025,"The Digital Oilfields Canada Exhibition and Conference is set to take place at the Calgary Telus Convention Centre. This premier event serves as a vital gathering for industry leaders, innovators, and technology enthusiasts from across the oil and gas sector. Attendees will have the opportunity to explore the latest advancements in digital technology and automation that are transforming the landscape of oilfields across Canada. With a focus on enhancing operational efficiency and sustainability, the conference will feature insightful keynote speakers, interactive panel discussions, and a comprehensive exhibition showcasing cutting-edge products and services.",2025-07-09,2025-07-10,"Calgary, Canada",Canada,,,,,Business Products and Services (B2B),Commercial Services,Other Commercial Services
9507,9188,National Association of Mutual Insurance Companies Annual Convention 2025 (NAMIC),"NAMIC's 130th Annual Convention is an event hosted for mutual insurance company leaders, executives, and board members. The event brings together insurance industry professionals to connect on strategic leadership, regulatory updates, and innovation in mutual insurance, allowing attendees to gain insights, strengthen professional networks, and shape the future of the mutual insurance sector.",2025-09-28,2025-10-01,"San Diego, California",United States,57,57,3,"AM Best, Acrisure, American Association of Insurance Services, AmericanAg, Aon (NYS: AON), Arthur J. Gallagher & Company (NYS: AJG), At-Bay, BMS Group, BriteCore, CCC Intelligent Solutions (NAS: CCCS), Cogitate, Coverleaf analytics, DXC Technology (NYS: DXC), Eide Bailly, Epoq Legal US, Esquire Deposition Solutions, Factory Mutual Insurance Company, Farmers Mutual Hail Insurance Company of Iowa, Federal Home Loan Bank, Finys, Fitch Group, Gen Re, GloveBox, Grinnell Mutual Reinsurance, Guidewire Software (NYS: GWRE), Guy Carpenter, Hannover Re (ETR: HNR1), Holborn, Horizon Systems and Services, Inspect Connect, InsurePay, Insurity, InvoiceCloud, Jacobson, Majesco, Marias Technology, Mid-America Catastrophe Services, Mutual Capital Services, Mutual Re, Münchener Rückversicherungs-Gesellschaft (ETR: MUV2), NAMIC Insurance Company (NAMICO), Pacesetter Claims Service, Pilot Catastrophe, Pinnacle Actuarial Resources, PwC, Swiss Re (SWX: SREN), The Berwyn Group, The Mutual Group, Tokio Marine HCC, Total Expert, Tracker Claims Services, Trailblazer, TransRe, TransUnion (NYS: TRU), Travelers Companies (NYS: TRV), Truepic, Verisk Analytics (NAS: VRSK), Xceedance, ZestyAI, insured.io",Financial Services,Other Financial Services,Other Financial Services
11631,11142,Supply Chain and Logistics Summit 2025,"Supply Chain and Logistics Summit 2025 is an event hosted for leading senior procurement executives and innovative suppliers, and solution providers. The event brings together industry professionals to connect on advanced technologies such as AI, machine learning, big data, IoT, and robotics, allowing attendees to foster innovative thinking, share inspiring ideas, and promote community connections among procurement professionals.",2025-11-03,2025-11-04,"Westlake Village, California",United States,,,,,Business Products and Services (B2B),Commercial Services,Logistics
9517,9199,Financial Crime and Compliance Conference 2025,"Financial Crime and Compliance Conference 2025 is an event hosted for consumer, motor, and asset finance professionals. The event brings together industry professionals to connect on topics related to financial crime and compliance, allowing attendees to gain essential insights into the latest trends, regulatory changes, and best practices for preventing financial crime.",2025-09-30,2025-09-30,"London, United Kingdom",United Kingdom,,,,,Financial Services,Other Financial Services,Other Financial Services
13762,13003,Travel Leaders Forum,"The Travel Leaders Forum is a premier event tailored for travel industry professionals held in Sydney, Australia, organized by Connect Media. It focuses on actionable insights and real-world solutions by bringing together the leading voices shaping the sector. This forum addresses the rapidly evolving landscape influenced by geopolitical disruptions, emerging technologies, and shifting consumer expectations, which present complex strategic decisions for travel leaders. With the aim of redefining businesses for the next decade, the event serves as a catalyst for sustainable travel growth, providing attendees with essential tools, skills, and connections necessary for maximizing consumer engagement and building high-growth partnerships.The Forum is specifically designed for Australia's leading industry experts and decision-makers, ensuring that every conversation and connection delivers impactful value. Attendees will hear from industry-leading experts who will share transformative innovations and solutions relevant to the future of travel. The carefully curated content, produced with the support of Connect Media's vast network of industry specialists, addresses leading challenges and fosters innovation in the sector. Participants will leave equipped with the knowledge necessary to tackle tomorrow's pressing issues. The event also emphasizes the importance of networking, allowing attendees to build valuable connections with C-Suite leaders, VPs, and other key figures who are actively transforming the industry. To accommodate different attendees, there are various registration types available, including passes for in-house travel professionals as well as vendors and consultants. Each delegate pass includes access to sessions, refreshment breaks, and networking lunches, with strict policies in place regarding ticket sharing and entry requirements.",2026-09-17,2026-09-17,"Sydney, Australia",Australia,,,,,Consumer Products and Services (B2C),"Restaurants, Hotels and Leisure",Leisure Facilities
1032,1019,Basingstoke Business Expo 2025,"Basingstoke Business Expo is a business show on the 30th April 2025. This event is for company directors, managers, professionals, start-ups and entrepreneurs looking at starting or growing a business.

",2025-04-30,2025-04-30,"Reading, United Kingdom",United Kingdom,22,22,,"Bespoke IT Solutions UK, Enhanced, Federation Of Small Businesses, Flying Colours (Bracknell), Government of UK, Hand Picked Hotels, Hilton Worldwide Holdings (NYS: HLT), Howden Insurance, Impact Design & Print, Kjs Solicitors, LOCALiQ_UK, Lamb Brooks, Millstream Productions, One Dome, Philips Law, Provek, SOTS, Snows Motor Group, Southern Communications, Taylor Made Technologies, University Of Winchester, esformalInvestor_1738344216114zft, formal1738554688125lzq, formalCompany_1747615717285ocf, formalCompany_1747615723666pha, formalCompany_1747615730627phq, formalCompany_1755479096337onf","Business Products and Services (B2B), Healthcare","Commercial Services, Healthcare Services","Other Commercial Services, Other Healthcare Services"
7398,7212,Annual School Transportation Conference 2025,"WVAPT Annual School Transportation Conference 2025 is an event hosted for school transportation professionals, vendors, and educators. The event brings together transportation professionals to connect on pupil transportation safety, maintenance practices, and operational strategies, allowing attendees to gain insights, network with peers, and explore innovative solutions that enhance student transportation across West Virginia.",2025-07-21,2025-07-24,"Wheeling, West Virginia",United States,,,,,Business Products and Services (B2B),Commercial Services,Logistics
3156,3093,Build and Brain Conference 2025,"Build and Brain Conference is an event hosted for senior living developers, owners, operators, and capital providers. The event brings together industry professionals to connect on the future of senior housing development and design, allowing attendees to explore innovative strategies, align on investment goals, and gain insights into emerging trends that shape the next generation of senior living communities.",2025-11-06,2025-11-07,"Dallas, Texas",United States,17,17,,"American Bath Group, CareAcademy, CareScout, EasyShifts, Eugeria (Other Devices and Supplies), EyeWatch LIVE, Fairfield Chair Co., Guardian Pharmacy Services (NYS: GRDN), Heroes Home Health, National Health Investors (NYS: NHI), Rkaa Architects, SafelyYou, Select Rehabilitation, Sentrics, The Boelter Companies, Twenty/20 Management, dual path","Business Products and Services (B2B), Information Technology","Commercial Services, Other Information Technology","Construction and Engineering, Other Information Technology"
13766,13007,Hard Hats: Psychosocial and Workplace Hazards 2025,"Hard Hats: Psychosocial and Workplace Hazards 2025 is an event hosted for occupational health professionals, safety officers, HR leaders, and construction industry stakeholders. The event brings together industry professionals to connect on mental health challenges, stress factors, and safety risks in high-risk work environments, allowing attendees to explore strategies for fostering psychological resilience and improving workplace culture.",2025-11-18,2025-11-20,"Brisbane, Australia",Australia,,,,,Healthcare,Healthcare Services,Other Healthcare Services
11650,11159,Rise Up Summit 2025,"The Rise Up Summit 2025 is an event hosted for past presenters, thought leaders, and advocates engaged in transforming higher education in prison. The event brings together professionals and changemakers from education, justice reform, and community leadership to connect on strategic planning, mission alignment, and future visioning, allowing attendees to contribute insights that will directly shape the next chapter of Rise Up’s impact and foster transformative change across the field.",2025-09-10,2025-09-12,"College Park, Maryland",United States,2,2,2,"Andrew W. Mellon Foundation, Ascendium Education Group, Benedict College, Bonterra, Ithaka Harbors, JFFVentures, Jamii",Business Products and Services (B2B),Commercial Services,"Education and Training Services (B2B), Other Commercial Services"
7408,7222,Open Source SecurityCon 2025,"Open Source SecurityCon 2025 is a event for developers, security engineers, public sector experts, and technology leaders working to secure open source and cloud native ecosystems. The event brings together professionals to connect on secure software development, supply chain security, identity and access management, and open source public policy, allowing attendees to collaborate, share innovations, and explore strategies that strengthen the future of digital infrastructure.",2025-11-10,2025-11-10,"Atlanta, Georgia",United States,5,5,,"Chainguard, Dell Technologies (NYS: DELL), Docker, Red Hat, Seal Security","Business Products and Services (B2B), Information Technology","Commercial Services, IT Services","IT Consulting and Outsourcing, Security Services (B2B)"
7409,7223,"2026 World of Industry, Technology & Science","The World of Industry, Technology & Science (WoTS) is a biennial technology trade fair that brings together professionals, students, scientists, and tech enthusiasts to explore innovations and developments. Attendees can engage with exhibits, vote for the High Tech Trophy, and learn about cutting-edge products and services.",2026-09-22,2026-09-25,"Utrecht, Netherlands",Netherlands,,,,,"Healthcare, Information Technology","Other Information Technology, Pharmaceuticals and Biotechnology","Drug Discovery, Other Information Technology"